{
  "row_idx": 0,
  "policy": {
    "name": "RL",
    "threshold": -34.33658065244099,
    "pctl": 82
  },
  "before": {
    "y_score": -18.5957283409343,
    "pred": 1,
    "features": {
      "entropy_heart": 6.221611724,
      "intensity_karvonen": 0.13851987504,
      "norm_heart": 19.531302381,
      "sd_norm_heart": 1.0,
      "steps_times_distance": 0.089692146939,
      "heart_rate": 78.531302381,
      "height": 168.0,
      "resting_heart": 59.0,
      "steps": 10.771428571,
      "weight": 65.4,
      "age": 20.0,
      "calories": 0.34453285024,
      "distance": 0.0083268571429
    }
  },
  "after": {
    "y_score": -230562.01886275673,
    "pred": 0,
    "features": {
      "entropy_heart": 6.221611724,
      "intensity_karvonen": 0.13851987504,
      "norm_heart": 19.531302381,
      "sd_norm_heart": 1.0,
      "steps_times_distance": 4964.115488836159,
      "heart_rate": 78.531302381,
      "height": 158.4,
      "resting_heart": 59.0,
      "steps": 10.771428571,
      "weight": 51.00000000000001,
      "age": 20.0,
      "calories": 0.34453285024,
      "distance": 0.0083268571429
    }
  },
  "changed_features": {
    "steps_times_distance": [
      0.089692146939,
      4964.115488836159
    ],
    "weight": [
      65.4,
      51.00000000000001
    ],
    "height": [
      168.0,
      158.4
    ]
  }
}