{
  "chosen_strategy": "KMeans",
  "auc_mahalanobis": 0.6309325348766656,
  "wasserstein_mean": 0.2949710807332688,
  "overall_mae": 154.48897435822983,
  "per_feature_mae": {
    "entropy_heart": 0.1309538322553772,
    "intensity_karvonen": 0.24820851197184202,
    "norm_heart": 22.931640158238476,
    "sd_norm_heart": 2.8487943465085825,
    "steps_times_distance": 2045.8393203589833,
    "entropy_setps": 0.23257594345562166,
    "heart_rate": 10.024316491848365,
    "height": 3.0752968996794054,
    "resting_heart": 7.759105378327492,
    "steps": 48.17453279403641,
    "weight": 3.9275851717118626,
    "age": 1.6921347891901544,
    "calories": 4.927452510615287,
    "distance": 11.03372382839504
  },
  "bo_best": {
    "pctl": 50,
    "bw": 0.1,
    "pca_keep": 0.7,
    "threshold": -51.92781333230277,
    "TP": 6206,
    "FP": 58,
    "TN": 6206,
    "FN": 58,
    "Recall": 0.9907407407407407,
    "Precision": 0.9907407407407407,
    "F1": 0.9907407407407407,
    "FPR": 0.009259259259259259,
    "Specificity": 0.9907407407407407,
    "Accuracy": 0.9907407407407407,
    "Safety": 0.9944444444444445,
    "Utility": 0.9935686758233023,
    "Composite": 0.9940065601338735
  },
  "rl_best": {},
  "active_policy": {
    "name": "BO",
    "threshold": -51.92781333230277,
    "pctl": 50
  },
  "pareto_csv": null,
  "pareto_plot": null,
  "final_pseudonymized_csv": "C:\\Users\\user\\Desktop\\PBL\\\\result\\final_pseudonymized_dataset.csv",
  "final_pseudonymized_feature_csvs": {
    "entropy_heart": "C:\\Users\\user\\Desktop\\PBL\\\\result\\final_pseudonymized_entropy_heart.csv",
    "intensity_karvonen": "C:\\Users\\user\\Desktop\\PBL\\\\result\\final_pseudonymized_intensity_karvonen.csv",
    "norm_heart": "C:\\Users\\user\\Desktop\\PBL\\\\result\\final_pseudonymized_norm_heart.csv",
    "sd_norm_heart": "C:\\Users\\user\\Desktop\\PBL\\\\result\\final_pseudonymized_sd_norm_heart.csv",
    "steps_times_distance": "C:\\Users\\user\\Desktop\\PBL\\\\result\\final_pseudonymized_steps_times_distance.csv",
    "entropy_setps": "C:\\Users\\user\\Desktop\\PBL\\\\result\\final_pseudonymized_entropy_setps.csv",
    "heart_rate": "C:\\Users\\user\\Desktop\\PBL\\\\result\\final_pseudonymized_heart_rate.csv",
    "height": "C:\\Users\\user\\Desktop\\PBL\\\\result\\final_pseudonymized_height.csv",
    "resting_heart": "C:\\Users\\user\\Desktop\\PBL\\\\result\\final_pseudonymized_resting_heart.csv",
    "steps": "C:\\Users\\user\\Desktop\\PBL\\\\result\\final_pseudonymized_steps.csv",
    "weight": "C:\\Users\\user\\Desktop\\PBL\\\\result\\final_pseudonymized_weight.csv",
    "age": "C:\\Users\\user\\Desktop\\PBL\\\\result\\final_pseudonymized_age.csv",
    "calories": "C:\\Users\\user\\Desktop\\PBL\\\\result\\final_pseudonymized_calories.csv",
    "distance": "C:\\Users\\user\\Desktop\\PBL\\\\result\\final_pseudonymized_distance.csv"
  }
}